id,breath_id,R,C,time_step,u_in,u_out
1,0,5,20,0.0,0.0,0
2,0,5,20,0.031903744,7.515045562,0
3,0,5,20,0.063827276,14.6516754,0
4,0,5,20,0.095751047,21.23061001,0
5,0,5,20,0.127643585,26.32095608,0
6,0,5,20,0.159557104,30.48693762,0
7,0,5,20,0.191471338,33.5459497,0
8,0,5,20,0.223401785,35.71759952,0
9,0,5,20,0.255336523,36.97106135,0
10,0,5,20,0.287230015,37.54221887,0
